category,Currency,product_name,gtin,Ledger,ProductStatus,items_sold,Avg_ItemSales_Price,net_revenue_9pct,gross_revenue_9pct,net_revenue_21pct,gross_revenue_21pct,net_revenue_0pct,Total_Revenueexcl._VAT,Total_Revenueincl._VAT,Buying_price_excl._tax,total_cost,margin_eur,margin_pct,Markup,Revenue_%of_Category,Revenue_%of_Total,period,source_file,source,net_revenue_eur,gross_revenue_eur
Accessoires & Merch,EUR,Ceremonial Candle: Saint,4001003,788865,ARCHIVED,2,69.2,0.0,0.0,114.380166,138.4,0,114.380166,138.4,32.0,64.0,50.380166,0.440462,0.78719,,,2026-01 to 2026-03,ProductReport_2026-01-01_2026-03-31__generated_at_2026-06-24_15.12.csv,Tebi,114.38,138.4
Accessoires & Merch,EUR,The Therapy Journal,4001058,788865,ACTIVE,1,33.0,30.275229,33.0,0.0,0.0,0,30.275229,33.0,0.0,0.0,30.275229,0.0,,,,2026-01 to 2026-03,ProductReport_2026-01-01_2026-03-31__generated_at_2026-06-24_15.12.csv,Tebi,30.28,33.0
Coffee,EUR,Cappuccino,4000013,788865,ACTIVE,14,4.375,56.192661,61.25,0.0,0.0,0,56.192661,61.25,0.0,0.0,56.192661,0.0,,,,2026-01 to 2026-03,ProductReport_2026-01-01_2026-03-31__generated_at_2026-06-24_15.12.csv,Tebi,56.19,61.25
Coffee,EUR,Latte,4000020,788865,ACTIVE,7,4.828571,31.009173,33.8,0.0,0.0,0,31.009173,33.8,0.0,0.0,31.009173,0.0,,,,2026-01 to 2026-03,ProductReport_2026-01-01_2026-03-31__generated_at_2026-06-24_15.12.csv,Tebi,31.01,33.8
Coffee,EUR,Espresso,4000037,788865,ACTIVE,5,3.5,16.055045,17.5,0.0,0.0,0,16.055045,17.5,0.0,0.0,16.055045,0.0,,,,2026-01 to 2026-03,ProductReport_2026-01-01_2026-03-31__generated_at_2026-06-24_15.12.csv,Tebi,16.06,17.5
Coffee,EUR,Americano,4000044,788865,ACTIVE,2,4.075,7.477064,8.15,0.0,0.0,0,7.477064,8.15,0.0,0.0,7.477064,0.0,,,,2026-01 to 2026-03,ProductReport_2026-01-01_2026-03-31__generated_at_2026-06-24_15.12.csv,Tebi,7.48,8.15
Coffee,EUR,Flat White,4000051,788865,ACTIVE,1,4.65,4.266055,4.65,0.0,0.0,0,4.266055,4.65,0.0,0.0,4.266055,0.0,,,,2026-01 to 2026-03,ProductReport_2026-01-01_2026-03-31__generated_at_2026-06-24_15.12.csv,Tebi,4.27,4.65
Cosmetics,EUR,ТОСОВО - MINT COOLING LIP MASK,4000815,788865,DRAFT,6,20.3,0.0,0.0,100.661158,121.8,0,100.661158,121.8,0.0,0.0,100.661158,0.0,,,,2026-01 to 2026-03,ProductReport_2026-01-01_2026-03-31__generated_at_2026-06-24_15.12.csv,Tebi,100.66,121.8
Cosmetics,EUR,Numbuzin - No.2 Rose PDRN Collagen Plumping Sheet Mask,4000853,788865,ACTIVE,4,28.0,0.0,0.0,92.561984,112.0,0,92.561984,112.0,0.0,0.0,92.561984,0.0,,,,2026-01 to 2026-03,ProductReport_2026-01-01_2026-03-31__generated_at_2026-06-24_15.12.csv,Tebi,92.56,112.0
Cosmetics,EUR,ABIB - GEL MASK HEARTLEAF JELLY - SINGLE MASK,4000716,788865,ARCHIVED,19,4.99,0.0,0.0,78.355373,94.81,0,78.355373,94.81,2.06,39.14,39.215373,0.500481,1.001926,,,2026-01 to 2026-03,ProductReport_2026-01-01_2026-03-31__generated_at_2026-06-24_15.12.csv,Tebi,78.36,94.81
Cosmetics,EUR,BIODANCE - PORE PERFECTING COLLAGEN PEPTIDE SERUM,4000914,788865,ACTIVE,3,29.0,0.0,0.0,71.900826,87.0,0,71.900826,87.0,0.0,0.0,71.900826,0.0,,,,2026-01 to 2026-03,ProductReport_2026-01-01_2026-03-31__generated_at_2026-06-24_15.12.csv,Tebi,71.9,87.0
Cosmetics,EUR,TOCOBO - JUICY BERRY PLUMPING LIP OIL GLAM HONEY LEMON,4000778,788865,DRAFT,5,17.0,0.0,0.0,70.247935,85.0,0,70.247935,85.0,0.0,0.0,70.247935,0.0,,,,2026-01 to 2026-03,ProductReport_2026-01-01_2026-03-31__generated_at_2026-06-24_15.12.csv,Tebi,70.25,85.0
Cosmetics,EUR,Melixir - Vegan Lip Butter #02 Nudy Rose,4000969,788865,ACTIVE,5,17.0,0.0,0.0,70.247935,85.0,0,70.247935,85.0,0.0,0.0,70.247935,0.0,,,,2026-01 to 2026-03,ProductReport_2026-01-01_2026-03-31__generated_at_2026-06-24_15.12.csv,Tebi,70.25,85.0
Cosmetics,EUR,VT - COSMETICS REEDLE SHOT 100,4000686,788865,ACTIVE,2,37.0,0.0,0.0,61.157024,74.0,0,61.157024,74.0,0.0,0.0,61.157024,0.0,,,,2026-01 to 2026-03,ProductReport_2026-01-01_2026-03-31__generated_at_2026-06-24_15.12.csv,Tebi,61.16,74.0
Cosmetics,EUR,ABIB - SHEET HEARTLEAF FIT - SINGLE MASK,4000952,788865,ARCHIVED,14,4.918571,0.0,0.0,56.909092,68.86,0,56.909092,68.86,0.0,0.0,56.909092,0.0,,,,2026-01 to 2026-03,ProductReport_2026-01-01_2026-03-31__generated_at_2026-06-24_15.12.csv,Tebi,56.91,68.86
Cosmetics,EUR,ABIB GEL MASK JERICHO ROSE JELLY - SINGLE MASK,4000730,788865,ACTIVE,12,4.99,0.0,0.0,49.487604,59.88,0,49.487604,59.88,2.06,24.72,24.767604,0.500481,1.001926,,,2026-01 to 2026-03,ProductReport_2026-01-01_2026-03-31__generated_at_2026-06-24_15.12.csv,Tebi,49.49,59.88
Cosmetics,EUR,POMELO+CO - Molecular Repair Leave-in Mask,4000822,788865,ACTIVE,3,18.5,0.0,0.0,45.867768,55.5,0,45.867768,55.5,0.0,0.0,45.867768,0.0,,,,2026-01 to 2026-03,ProductReport_2026-01-01_2026-03-31__generated_at_2026-06-24_15.12.csv,Tebi,45.87,55.5
Cosmetics,EUR,TOCOBO BIFIDA BIOME ESSENCE 50ML,4000594,788865,ACTIVE,2,26.0,0.0,0.0,42.975206,52.0,0,42.975206,52.0,0.0,0.0,42.975206,0.0,,,,2026-01 to 2026-03,ProductReport_2026-01-01_2026-03-31__generated_at_2026-06-24_15.12.csv,Tebi,42.98,52.0
Cosmetics,EUR,MEDICUBE - COLLAGEN LIFTING MASK,4000679,788865,DRAFT,9,4.99,0.0,0.0,37.115703,44.91,0,37.115703,44.91,0.0,0.0,37.115703,0.0,,,,2026-01 to 2026-03,ProductReport_2026-01-01_2026-03-31__generated_at_2026-06-24_15.12.csv,Tebi,37.12,44.91
Cosmetics,EUR,ABIB ACNE FOAM CLEANSER HEARTLEAF FOAM,4000587,788865,ARCHIVED,2,19.0,0.0,0.0,31.404958,38.0,0,31.404958,38.0,0.0,0.0,31.404958,0.0,,,,2026-01 to 2026-03,ProductReport_2026-01-01_2026-03-31__generated_at_2026-06-24_15.12.csv,Tebi,31.4,38.0
Cosmetics,EUR,MEDICUBE - KOJIC ACID TURMERIC BRIGHTENING GEL MASK,4000785,788865,ARCHIVED,5,7.5,0.0,0.0,30.991735,37.5,0,30.991735,37.5,0.0,0.0,30.991735,0.0,,,,2026-01 to 2026-03,ProductReport_2026-01-01_2026-03-31__generated_at_2026-06-24_15.12.csv,Tebi,30.99,37.5
Cosmetics,EUR,POMELO+CO - Molecular Repair Shampoo,4000839,788865,ACTIVE,2,16.5,0.0,0.0,27.272728,33.0,0,27.272728,33.0,0.0,0.0,27.272728,0.0,,,,2026-01 to 2026-03,ProductReport_2026-01-01_2026-03-31__generated_at_2026-06-24_15.12.csv,Tebi,27.27,33.0
Cosmetics,EUR,MEDICUBE - COLLAGEN GLOW BOOSTER SERUM 15ml,4000662,788865,DRAFT,1,32.0,0.0,0.0,26.446281,32.0,0,26.446281,32.0,0.0,0.0,26.446281,0.0,,,,2026-01 to 2026-03,ProductReport_2026-01-01_2026-03-31__generated_at_2026-06-24_15.12.csv,Tebi,26.45,32.0
Cosmetics,EUR,VT - CICA COLLAGEN CREAM 30ML,4000631,788865,ACTIVE,1,31.0,0.0,0.0,25.619835,31.0,0,25.619835,31.0,0.0,0.0,25.619835,0.0,,,,2026-01 to 2026-03,ProductReport_2026-01-01_2026-03-31__generated_at_2026-06-24_15.12.csv,Tebi,25.62,31.0
Cosmetics,EUR,Numbuzin - Bio Lifting Full Cover Facial Mask SINGLE,4000617,788865,ACTIVE,4,7.5,0.0,0.0,24.793388,30.0,0,24.793388,30.0,0.0,0.0,24.793388,0.0,,,,2026-01 to 2026-03,ProductReport_2026-01-01_2026-03-31__generated_at_2026-06-24_15.12.csv,Tebi,24.79,30.0
Cosmetics,EUR,MEDICUBE - PDRN PINK COLLAGEN CAPSULE CREAM,4000877,788865,DRAFT,1,29.0,0.0,0.0,23.966942,29.0,0,23.966942,29.0,0.0,0.0,23.966942,0.0,,,,2026-01 to 2026-03,ProductReport_2026-01-01_2026-03-31__generated_at_2026-06-24_15.12.csv,Tebi,23.97,29.0
Cosmetics,EUR,BIODANCE - Collagen Gel Toner Pads,4000655,788865,ACTIVE,1,28.0,0.0,0.0,23.140496,28.0,0,23.140496,28.0,0.0,0.0,23.140496,0.0,,,,2026-01 to 2026-03,ProductReport_2026-01-01_2026-03-31__generated_at_2026-06-24_15.12.csv,Tebi,23.14,28.0
Cosmetics,EUR,ABIB - Quick Sunstick Protection Bar SPF50+,4000921,788865,ACTIVE,1,27.0,0.0,0.0,22.31405,27.0,0,22.31405,27.0,0.0,0.0,22.31405,0.0,,,,2026-01 to 2026-03,ProductReport_2026-01-01_2026-03-31__generated_at_2026-06-24_15.12.csv,Tebi,22.31,27.0
Cosmetics,EUR,BEAUTY OF JOSEON - REVIVE EYE SERUM : GINSENG + RETINAL,4000938,788865,DRAFT,1,23.0,0.0,0.0,19.008264,23.0,0,19.008264,23.0,0.0,0.0,19.008264,0.0,,,,2026-01 to 2026-03,ProductReport_2026-01-01_2026-03-31__generated_at_2026-06-24_15.12.csv,Tebi,19.01,23.0
Cosmetics,EUR,MEDICUBE - PDRN VITA COATING MASK - SINGLE,4000884,788865,DRAFT,3,7.5,0.0,0.0,18.595041,22.5,0,18.595041,22.5,0.0,0.0,18.595041,0.0,,,,2026-01 to 2026-03,ProductReport_2026-01-01_2026-03-31__generated_at_2026-06-24_15.12.csv,Tebi,18.6,22.5
Cosmetics,EUR,ABIB GEL MASK JERICHO ROSE JELLY - MASK PACK,4000723,788865,ACTIVE,1,19.0,0.0,0.0,15.702479,19.0,0,15.702479,19.0,0.0,0.0,15.702479,0.0,,,,2026-01 to 2026-03,ProductReport_2026-01-01_2026-03-31__generated_at_2026-06-24_15.12.csv,Tebi,15.7,19.0
Cosmetics,EUR,Melixir - Vegan Lip Butter 11. Autumn Rain,4000976,788865,ACTIVE,1,17.0,0.0,0.0,14.049587,17.0,0,14.049587,17.0,0.0,0.0,14.049587,0.0,,,,2026-01 to 2026-03,ProductReport_2026-01-01_2026-03-31__generated_at_2026-06-24_15.12.csv,Tebi,14.05,17.0
Cosmetics,EUR,POMELO+CO - Molecular Repair Conditioner,4000846,788865,ACTIVE,1,16.5,0.0,0.0,13.636364,16.5,0,13.636364,16.5,0.0,0.0,13.636364,0.0,,,,2026-01 to 2026-03,ProductReport_2026-01-01_2026-03-31__generated_at_2026-06-24_15.12.csv,Tebi,13.64,16.5
Food & Drinks,EUR,SONDER - Rwanda - Drip Bags,4000433,788865,ARCHIVED,7,16.0,102.752293,112.0,0.0,0.0,0,102.752293,112.0,0.0,0.0,102.752293,0.0,,,,2026-01 to 2026-03,ProductReport_2026-01-01_2026-03-31__generated_at_2026-06-24_15.12.csv,Tebi,102.75,112.0
Food & Drinks,EUR,SONDER - Ethiopia - Drip Bags,4000402,788865,ARCHIVED,6,16.0,88.073394,96.0,0.0,0.0,0,88.073394,96.0,0.0,0.0,88.073394,0.0,,,,2026-01 to 2026-03,ProductReport_2026-01-01_2026-03-31__generated_at_2026-06-24_15.12.csv,Tebi,88.07,96.0
Food & Drinks,EUR,SONDER - Brazil - Drip Bags,4000396,788865,ARCHIVED,5,13.0,59.63303,65.0,0.0,0.0,0,59.63303,65.0,0.0,0.0,59.63303,0.0,,,,2026-01 to 2026-03,ProductReport_2026-01-01_2026-03-31__generated_at_2026-06-24_15.12.csv,Tebi,59.63,65.0
Food & Drinks,EUR,SONDER - Kenya - Drip Bags,4000419,788865,ARCHIVED,5,13.0,59.63303,65.0,0.0,0.0,0,59.63303,65.0,0.0,0.0,59.63303,0.0,,,,2026-01 to 2026-03,ProductReport_2026-01-01_2026-03-31__generated_at_2026-06-24_15.12.csv,Tebi,59.63,65.0
Food & Drinks,EUR,Cosmic Dealer - Pistachio & Lion's Mane - Box of 4 Nut Butter Chocolates,4000310,788865,ARCHIVED,3,16.2,44.587155,48.6,0.0,0.0,0,44.587155,48.6,0.0,0.0,44.587155,0.0,,,,2026-01 to 2026-03,ProductReport_2026-01-01_2026-03-31__generated_at_2026-06-24_15.12.csv,Tebi,44.59,48.6
Food & Drinks,EUR,Cosmic Dealer - Lavender & Macadamia  Box of 4 Nut Butter Chocolates,4001102,788865,ARCHIVED,3,16.2,44.587155,48.6,0.0,0.0,0,44.587155,48.6,0.0,0.0,44.587155,0.0,,,,2026-01 to 2026-03,ProductReport_2026-01-01_2026-03-31__generated_at_2026-06-24_15.12.csv,Tebi,44.59,48.6
Food & Drinks,EUR,Cosmic Dealer Raspberry Single Nut Butter Chocolate,4000389,788865,DRAFT,12,3.9,42.935784,46.8,0.0,0.0,0,42.935784,46.8,0.0,0.0,42.935784,0.0,,,,2026-01 to 2026-03,ProductReport_2026-01-01_2026-03-31__generated_at_2026-06-24_15.12.csv,Tebi,42.94,46.8
Food & Drinks,EUR,Goodio - Cozy Times Double Chocolate,4001065,788865,ARCHIVED,3,12.6,34.678899,37.8,0.0,0.0,0,34.678899,37.8,0.0,0.0,34.678899,0.0,,,,2026-01 to 2026-03,ProductReport_2026-01-01_2026-03-31__generated_at_2026-06-24_15.12.csv,Tebi,34.68,37.8
Food & Drinks,EUR,Cosmic Dealer - Raspberry - Box of 4 Nut Butter Chocolates,4001119,788865,ARCHIVED,2,14.5,26.605504,29.0,0.0,0.0,0,26.605504,29.0,0.0,0.0,26.605504,0.0,,,,2026-01 to 2026-03,ProductReport_2026-01-01_2026-03-31__generated_at_2026-06-24_15.12.csv,Tebi,26.61,29.0
Food & Drinks,EUR,De La Rosee Lavender Honey and Combava 40g,4000327,788865,ARCHIVED,5,4.2,19.266055,21.0,0.0,0.0,0,19.266055,21.0,0.0,0.0,19.266055,0.0,,,,2026-01 to 2026-03,ProductReport_2026-01-01_2026-03-31__generated_at_2026-06-24_15.12.csv,Tebi,19.27,21.0
Food & Drinks,EUR,Goodio - Peppermint Crunch,4001096,788865,ARCHIVED,3,5.9,16.238532,17.7,0.0,0.0,0,16.238532,17.7,0.0,0.0,16.238532,0.0,,,,2026-01 to 2026-03,ProductReport_2026-01-01_2026-03-31__generated_at_2026-06-24_15.12.csv,Tebi,16.24,17.7
Food & Drinks,EUR,The Mallows Caramel + Crunchy Toffee,4001140,788865,ARCHIVED,2,7.9,14.495412,15.8,0.0,0.0,0,14.495412,15.8,0.0,0.0,14.495412,0.0,,,,2026-01 to 2026-03,ProductReport_2026-01-01_2026-03-31__generated_at_2026-06-24_15.12.csv,Tebi,14.5,15.8
Food & Drinks,EUR,Cosmic Dealer - Matcha Single Nut Butter Chocolate,4000372,788865,ACTIVE,4,3.9,14.311928,15.6,0.0,0.0,0,14.311928,15.6,0.0,0.0,14.311928,0.0,,,,2026-01 to 2026-03,ProductReport_2026-01-01_2026-03-31__generated_at_2026-06-24_15.12.csv,Tebi,14.31,15.6
Food & Drinks,EUR,Cosmic Dealer Lavender Single Nut Butter Chocolate,4001331,788865,ACTIVE,3,4.2,11.559633,12.6,0.0,0.0,0,11.559633,12.6,0.0,0.0,11.559633,0.0,,,,2026-01 to 2026-03,ProductReport_2026-01-01_2026-03-31__generated_at_2026-06-24_15.12.csv,Tebi,11.56,12.6
Food & Drinks,EUR,Goodio - Gingerbread Chocolate,4001089,788865,ARCHIVED,2,5.9,10.825688,11.8,0.0,0.0,0,10.825688,11.8,0.0,0.0,10.825688,0.0,,,,2026-01 to 2026-03,ProductReport_2026-01-01_2026-03-31__generated_at_2026-06-24_15.12.csv,Tebi,10.83,11.8
Food & Drinks,EUR,Lavoratti 1938 - Hazelnut Milk Chocolate Bar,4001126,788865,ARCHIVED,1,9.5,8.715596,9.5,0.0,0.0,0,8.715596,9.5,0.0,0.0,8.715596,0.0,,,,2026-01 to 2026-03,ProductReport_2026-01-01_2026-03-31__generated_at_2026-06-24_15.12.csv,Tebi,8.72,9.5
Food & Drinks,EUR,The Mallows Caramel + Double Caramel Chocolate,4001157,788865,ARCHIVED,1,8.9,8.165138,8.9,0.0,0.0,0,8.165138,8.9,0.0,0.0,8.165138,0.0,,,,2026-01 to 2026-03,ProductReport_2026-01-01_2026-03-31__generated_at_2026-06-24_15.12.csv,Tebi,8.17,8.9
Food & Drinks,EUR,Cosmic Dealer - Black Sesame Single Nut Butter Chocolate,4000365,788865,DRAFT,1,3.9,3.577982,3.9,0.0,0.0,0,3.577982,3.9,0.0,0.0,3.577982,0.0,,,,2026-01 to 2026-03,ProductReport_2026-01-01_2026-03-31__generated_at_2026-06-24_15.12.csv,Tebi,3.58,3.9
Matcha,EUR,Matcha Latte - small,4000068,788865,ACTIVE,15,5.26,72.385322,78.9,0.0,0.0,0,72.385322,78.9,0.0,0.0,72.385322,0.0,,,,2026-01 to 2026-03,ProductReport_2026-01-01_2026-03-31__generated_at_2026-06-24_15.12.csv,Tebi,72.39,78.9
Matcha,EUR,Iced Blue Coconut Matcha,4000297,788865,ACTIVE,9,7.5,61.926606,67.5,0.0,0.0,0,61.926606,67.5,0.0,0.0,61.926606,0.0,,,,2026-01 to 2026-03,ProductReport_2026-01-01_2026-03-31__generated_at_2026-06-24_15.12.csv,Tebi,61.93,67.5
Matcha,EUR,Iced Strawberry Matcha Latte,4000136,788865,ACTIVE,8,6.9,50.6422,55.2,0.0,0.0,0,50.6422,55.2,0.0,0.0,50.6422,0.0,,,,2026-01 to 2026-03,ProductReport_2026-01-01_2026-03-31__generated_at_2026-06-24_15.12.csv,Tebi,50.64,55.2
Matcha,EUR,Iced Matcha latte,4000082,788865,ACTIVE,8,6.39375,46.926609,51.15,0.0,0.0,0,46.926609,51.15,0.0,0.0,46.926609,0.0,,,,2026-01 to 2026-03,ProductReport_2026-01-01_2026-03-31__generated_at_2026-06-24_15.12.csv,Tebi,46.93,51.15
Matcha,EUR,Matcha Latte - large,4000075,788865,ACTIVE,8,6.175,45.3211,49.4,0.0,0.0,0,45.3211,49.4,0.0,0.0,45.3211,0.0,,,,2026-01 to 2026-03,ProductReport_2026-01-01_2026-03-31__generated_at_2026-06-24_15.12.csv,Tebi,45.32,49.4
Matcha,EUR,Brown Sugar Spice Pecan Matcha - Hot,4000273,788865,ACTIVE,3,6.95,19.12844,20.85,0.0,0.0,0,19.12844,20.85,0.0,0.0,19.12844,0.0,,,,2026-01 to 2026-03,ProductReport_2026-01-01_2026-03-31__generated_at_2026-06-24_15.12.csv,Tebi,19.13,20.85
Matcha,EUR,Iced Mango&Passion Fruit Matcha Latte,4000259,788865,ACTIVE,3,6.9,18.990825,20.7,0.0,0.0,0,18.990825,20.7,0.0,0.0,18.990825,0.0,,,,2026-01 to 2026-03,ProductReport_2026-01-01_2026-03-31__generated_at_2026-06-24_15.12.csv,Tebi,18.99,20.7
Matcha,EUR,Honey Lavender Matcha - Hot,4000198,788865,ACTIVE,3,6.5,17.889909,19.5,0.0,0.0,0,17.889909,19.5,0.0,0.0,17.889909,0.0,,,,2026-01 to 2026-03,ProductReport_2026-01-01_2026-03-31__generated_at_2026-06-24_15.12.csv,Tebi,17.89,19.5
Matcha,EUR,Pure Matcha Tea (Usucha),4000112,788865,ACTIVE,2,5.075,9.311927,10.15,0.0,0.0,0,9.311927,10.15,0.0,0.0,9.311927,0.0,,,,2026-01 to 2026-03,ProductReport_2026-01-01_2026-03-31__generated_at_2026-06-24_15.12.csv,Tebi,9.31,10.15
Matcha,EUR,Iced Black Sesame Matcha Latte,4000228,788865,ACTIVE,1,7.5,6.880734,7.5,0.0,0.0,0,6.880734,7.5,0.0,0.0,6.880734,0.0,,,,2026-01 to 2026-03,ProductReport_2026-01-01_2026-03-31__generated_at_2026-06-24_15.12.csv,Tebi,6.88,7.5
Matcha,EUR,Iced Pure Matcha,4000143,788865,ACTIVE,1,5.25,4.816514,5.25,0.0,0.0,0,4.816514,5.25,0.0,0.0,4.816514,0.0,,,,2026-01 to 2026-03,ProductReport_2026-01-01_2026-03-31__generated_at_2026-06-24_15.12.csv,Tebi,4.82,5.25
Matcha Powder,EUR,"LERA Matcha, Kyushu Island",4000129,788865,ACTIVE,74,41.886486,2843.669718,3099.6,0.0,0.0,0,2843.669718,3099.6,0.0,0.0,2843.669718,0.0,,,,2026-01 to 2026-03,ProductReport_2026-01-01_2026-03-31__generated_at_2026-06-24_15.12.csv,Tebi,2843.67,3099.6
Matcha Powder,EUR,"LERA Matcha, Uji",4000211,788865,ACTIVE,46,41.634783,1757.064216,1915.2,0.0,0.0,0,1757.064216,1915.2,0.0,0.0,1757.064216,0.0,,,,2026-01 to 2026-03,ProductReport_2026-01-01_2026-03-31__generated_at_2026-06-24_15.12.csv,Tebi,1757.06,1915.2
Matcha Tools,EUR,Lera Matcha Whisk,4000556,788865,ACTIVE,52,17.0,811.00916,884.0,0.0,0.0,0,811.00916,884.0,0.0,0.0,811.00916,0.0,,,,2026-01 to 2026-03,ProductReport_2026-01-01_2026-03-31__generated_at_2026-06-24_15.12.csv,Tebi,811.01,884.0
Matcha Tools,EUR,Lera Matcha Bowl,4000532,788865,ACTIVE,31,28.0,796.330263,868.0,0.0,0.0,0,796.330263,868.0,0.0,0.0,796.330263,0.0,,,,2026-01 to 2026-03,ProductReport_2026-01-01_2026-03-31__generated_at_2026-06-24_15.12.csv,Tebi,796.33,868.0
Matcha Tools,EUR,Glass Matcha Bowl,4000457,788865,ACTIVE,16,25.0,366.97248,400.0,0.0,0.0,0,366.97248,400.0,0.0,0.0,366.97248,0.0,,,,2026-01 to 2026-03,ProductReport_2026-01-01_2026-03-31__generated_at_2026-06-24_15.12.csv,Tebi,366.97,400.0
Matcha Tools,EUR,Lera Whisk Holder (Yellow),4000563,788865,ACTIVE,24,14.5,319.266048,348.0,0.0,0.0,0,319.266048,348.0,0.0,0.0,319.266048,0.0,,,,2026-01 to 2026-03,ProductReport_2026-01-01_2026-03-31__generated_at_2026-06-24_15.12.csv,Tebi,319.27,348.0
Matcha Tools,EUR,LERA Matcha Sifter,4000471,788865,ACTIVE,27,12.0,297.247698,324.0,0.0,0.0,0,297.247698,324.0,0.0,0.0,297.247698,0.0,,,,2026-01 to 2026-03,ProductReport_2026-01-01_2026-03-31__generated_at_2026-06-24_15.12.csv,Tebi,297.25,324.0
Matcha Tools,EUR,Lera Matcha Spoon,4000549,788865,ACTIVE,27,9.0,222.935787,243.0,0.0,0.0,0,222.935787,243.0,0.0,0.0,222.935787,0.0,,,,2026-01 to 2026-03,ProductReport_2026-01-01_2026-03-31__generated_at_2026-06-24_15.12.csv,Tebi,222.94,243.0
Matcha Tools,EUR,Bamboo Scoop,4000440,788865,ACTIVE,15,4.0,55.045875,60.0,0.0,0.0,0,55.045875,60.0,0.0,0.0,55.045875,0.0,,,,2026-01 to 2026-03,ProductReport_2026-01-01_2026-03-31__generated_at_2026-06-24_15.12.csv,Tebi,55.05,60.0
Matcha Tools,EUR,Lera Bag,4000525,788865,ACTIVE,2,1.5,2.752294,3.0,0.0,0.0,0,2.752294,3.0,0.0,0.0,2.752294,0.0,,,,2026-01 to 2026-03,ProductReport_2026-01-01_2026-03-31__generated_at_2026-06-24_15.12.csv,Tebi,2.75,3.0
Pastry,EUR,Caramelized White Chocolate & Hazelnut Cookie,4000204,788865,ACTIVE,14,4.132143,53.073397,57.85,0.0,0.0,0,53.073397,57.85,0.0,0.0,53.073397,0.0,,,,2026-01 to 2026-03,ProductReport_2026-01-01_2026-03-31__generated_at_2026-06-24_15.12.csv,Tebi,53.07,57.85
Pastry,EUR,Matcha White Chocolate Cookie,4000181,788865,ACTIVE,11,4.113636,41.513763,45.25,0.0,0.0,0,41.513763,45.25,0.0,0.0,41.513763,0.0,,,,2026-01 to 2026-03,ProductReport_2026-01-01_2026-03-31__generated_at_2026-06-24_15.12.csv,Tebi,41.51,45.25
Pastry,EUR,Matcha Honey Cake,4000174,788865,ACTIVE,6,5.7,31.376148,34.2,0.0,0.0,0,31.376148,34.2,0.0,0.0,31.376148,0.0,,,,2026-01 to 2026-03,ProductReport_2026-01-01_2026-03-31__generated_at_2026-06-24_15.12.csv,Tebi,31.38,34.2
Pastry,EUR,Matcha Basque Cheesecake,4000167,788865,ACTIVE,3,5.5,15.137616,16.5,0.0,0.0,0,15.137616,16.5,0.0,0.0,15.137616,0.0,,,,2026-01 to 2026-03,ProductReport_2026-01-01_2026-03-31__generated_at_2026-06-24_15.12.csv,Tebi,15.14,16.5
Pastry,EUR,Matcha Raspberry Madeleine,4000235,788865,ACTIVE,3,4.15,11.422019,12.45,0.0,0.0,0,11.422019,12.45,0.0,0.0,11.422019,0.0,,,,2026-01 to 2026-03,ProductReport_2026-01-01_2026-03-31__generated_at_2026-06-24_15.12.csv,Tebi,11.42,12.45
Other,EUR,Lavoratti 1938 - Milk and Pistachio Chocolate Bar,4001133,788865,ARCHIVED,3,11.0,30.275229,33.0,0.0,0.0,0,30.275229,33.0,0.0,0.0,30.275229,0.0,,,,2026-01 to 2026-03,ProductReport_2026-01-01_2026-03-31__generated_at_2026-06-24_15.12.csv,Tebi,30.28,33.0
Other,EUR,Chocolate Caramel Madeleine,4001300,788865,ACTIVE,7,4.1,26.330276,28.7,0.0,0.0,0,26.330276,28.7,0.0,0.0,26.330276,0.0,,,,2026-01 to 2026-03,ProductReport_2026-01-01_2026-03-31__generated_at_2026-06-24_15.12.csv,Tebi,26.33,28.7
Other,EUR,SONDER - Rwanda - Single Drip Bag,4001355,788865,ARCHIVED,8,3.2,23.48624,25.6,0.0,0.0,0,23.48624,25.6,0.0,0.0,23.48624,0.0,,,,2026-01 to 2026-03,ProductReport_2026-01-01_2026-03-31__generated_at_2026-06-24_15.12.csv,Tebi,23.49,25.6
Other,EUR,SONDER - Brazil - Single Drip Bag,4001348,788865,ARCHIVED,8,2.8,20.550456,22.4,0.0,0.0,0,20.550456,22.4,0.0,0.0,20.550456,0.0,,0.204193,0.002019,2026-01 to 2026-03,ProductReport_2026-01-01_2026-03-31__generated_at_2026-06-24_15.12.csv,Tebi,20.55,22.4
Accessoires & Merch,EUR,Hetkinen Pine Hand Wash,4001416,788865,ACTIVE,7,31.0,0.0,0.0,179.338845,217.0,0,179.338845,217.0,0.0,0.0,179.338845,0.0,,,,2026-04 to 2026-05,ProductReport_2026-04-01_2026-05-31__generated_at_2026-06-24_15.12.csv,Tebi,179.34,217.0
Accessoires & Merch,EUR,Flower Bouquet,4001546,788865,ACTIVE,18,10.0,165.137616,180.0,0.0,0.0,0,165.137616,180.0,0.0,0.0,165.137616,0.0,,,,2026-04 to 2026-05,ProductReport_2026-04-01_2026-05-31__generated_at_2026-06-24_15.12.csv,Tebi,165.14,180.0
Accessoires & Merch,EUR,Matcha Latte Cap,4001027,788865,ACTIVE,3,42.0,0.0,0.0,104.132232,126.0,0,104.132232,126.0,0.0,0.0,104.132232,0.0,,,,2026-04 to 2026-05,ProductReport_2026-04-01_2026-05-31__generated_at_2026-06-24_15.12.csv,Tebi,104.13,126.0
Accessoires & Merch,EUR,LERA grey T-shirt,4001805,788865,ACTIVE,2,55.0,0.0,0.0,90.90909,110.0,0,90.90909,110.0,0.0,0.0,90.90909,0.0,,,,2026-04 to 2026-05,ProductReport_2026-04-01_2026-05-31__generated_at_2026-06-24_15.12.csv,Tebi,90.91,110.0
Accessoires & Merch,EUR,TOTORO Notebook,4001508,788865,ACTIVE,4,25.95,0.0,0.0,85.785124,103.8,0,85.785124,103.8,0.0,0.0,85.785124,0.0,,,,2026-04 to 2026-05,ProductReport_2026-04-01_2026-05-31__generated_at_2026-06-24_15.12.csv,Tebi,85.79,103.8
Accessoires & Merch,EUR,MATCHA BOOK,4001492,788865,ACTIVE,3,31.2,0.0,0.0,77.355372,93.6,0,77.355372,93.6,0.0,0.0,77.355372,0.0,,,,2026-04 to 2026-05,ProductReport_2026-04-01_2026-05-31__generated_at_2026-06-24_15.12.csv,Tebi,77.36,93.6
Accessoires & Merch,EUR,Kawai Drawing Japan,4001478,788865,ACTIVE,5,17.95,0.0,0.0,74.173555,89.75,0,74.173555,89.75,0.0,0.0,74.173555,0.0,,,,2026-04 to 2026-05,ProductReport_2026-04-01_2026-05-31__generated_at_2026-06-24_15.12.csv,Tebi,74.17,89.75
Accessoires & Merch,EUR,MATCHA COOKBOOK,4001485,788865,ACTIVE,6,13.95,0.0,0.0,69.173556,83.7,0,69.173556,83.7,0.0,0.0,69.173556,0.0,,,,2026-04 to 2026-05,ProductReport_2026-04-01_2026-05-31__generated_at_2026-06-24_15.12.csv,Tebi,69.17,83.7
Accessoires & Merch,EUR,B Kyoto Magazine,4001522,788865,ACTIVE,2,31.5,0.0,0.0,52.066116,63.0,0,52.066116,63.0,0.0,0.0,52.066116,0.0,,,,2026-04 to 2026-05,ProductReport_2026-04-01_2026-05-31__generated_at_2026-06-24_15.12.csv,Tebi,52.07,63.0
Coffee,EUR,Iced Coffee Latte,4000099,788865,ACTIVE,8,4.89375,35.917432,39.15,0.0,0.0,0,35.917432,39.15,0.0,0.0,35.917432,0.0,,,,2026-04 to 2026-05,ProductReport_2026-04-01_2026-05-31__generated_at_2026-06-24_15.12.csv,Tebi,35.92,39.15
Coffee,EUR,Cappuccino,4000013,788865,ACTIVE,7,4.077143,26.183486,28.54,0.0,0.0,0,26.183486,28.54,0.0,0.0,26.183486,0.0,,,,2026-04 to 2026-05,ProductReport_2026-04-01_2026-05-31__generated_at_2026-06-24_15.12.csv,Tebi,26.18,28.54
Coffee,EUR,Flat White,4000051,788865,ACTIVE,3,4.6,12.66055,13.8,0.0,0.0,0,12.66055,13.8,0.0,0.0,12.66055,0.0,,,,2026-04 to 2026-05,ProductReport_2026-04-01_2026-05-31__generated_at_2026-06-24_15.12.csv,Tebi,12.66,13.8
Coffee,EUR,Americano,4000044,788865,ACTIVE,3,3.0,8.256882,9.0,0.0,0.0,0,8.256882,9.0,0.0,0.0,8.256882,0.0,,,,2026-04 to 2026-05,ProductReport_2026-04-01_2026-05-31__generated_at_2026-06-24_15.12.csv,Tebi,8.26,9.0
Coffee,EUR,Espresso,4000037,788865,ACTIVE,2,3.06,5.614679,6.12,0.0,0.0,0,5.614679,6.12,0.0,0.0,5.614679,0.0,,,,2026-04 to 2026-05,ProductReport_2026-04-01_2026-05-31__generated_at_2026-06-24_15.12.csv,Tebi,5.61,6.12
Coffee,EUR,Latte,4000020,788865,ACTIVE,1,4.7,4.311927,4.7,0.0,0.0,0,4.311927,4.7,0.0,0.0,4.311927,0.0,,,,2026-04 to 2026-05,ProductReport_2026-04-01_2026-05-31__generated_at_2026-06-24_15.12.csv,Tebi,4.31,4.7
Cosmetics,EUR,DR. ALTHEA - Retinol Flat Iron Eye Roller,4001690,788865,DRAFT,5,31.0,0.0,0.0,128.099175,155.0,0,128.099175,155.0,0.0,0.0,128.099175,0.0,,,,2026-04 to 2026-05,ProductReport_2026-04-01_2026-05-31__generated_at_2026-06-24_15.12.csv,Tebi,128.1,155.0
Cosmetics,EUR,ANUA - Heartleaf Silky Moisture Sun Cream,4001683,788865,DRAFT,5,27.84,0.0,0.0,115.041322,139.2,0,115.041322,139.2,0.0,0.0,115.041322,0.0,,,,2026-04 to 2026-05,ProductReport_2026-04-01_2026-05-31__generated_at_2026-06-24_15.12.csv,Tebi,115.04,139.2
Cosmetics,EUR,ABIB - Airy Sunstick Smoothing Bar,4001652,788865,ACTIVE,5,27.0,0.0,0.0,111.57025,135.0,0,111.57025,135.0,0.0,0.0,111.57025,0.0,,,,2026-04 to 2026-05,ProductReport_2026-04-01_2026-05-31__generated_at_2026-06-24_15.12.csv,Tebi,111.57,135.0
Cosmetics,EUR,ABIB - Retinal Eye Serum Lifting Roller,4001720,788865,ACTIVE,6,22.233333,0.0,0.0,110.247932,133.4,0,110.247932,133.4,0.0,0.0,110.247932,0.0,,,,2026-04 to 2026-05,ProductReport_2026-04-01_2026-05-31__generated_at_2026-06-24_15.12.csv,Tebi,110.25,133.4
Cosmetics,EUR,Hetkinen Avando Hand Wash,4001409,788865,ACTIVE,4,31.0,0.0,0.0,102.47934,124.0,0,102.47934,124.0,0.0,0.0,102.47934,0.0,,,,2026-04 to 2026-05,ProductReport_2026-04-01_2026-05-31__generated_at_2026-06-24_15.12.csv,Tebi,102.48,124.0
Cosmetics,EUR,BIODANCE - Rejuvenating Caviar Pdrn Sheet Mask,4001638,788865,ACTIVE,16,7.40625,0.0,0.0,97.933883,118.5,0,97.933883,118.5,0.0,0.0,97.933883,0.0,,,,2026-04 to 2026-05,ProductReport_2026-04-01_2026-05-31__generated_at_2026-06-24_15.12.csv,Tebi,97.93,118.5
Cosmetics,EUR,CELIMAX - Retinal Shot Tightening Booster,4001713,788865,ACTIVE,5,23.0,0.0,0.0,95.04132,115.0,0,95.04132,115.0,0.0,0.0,95.04132,0.0,,,,2026-04 to 2026-05,ProductReport_2026-04-01_2026-05-31__generated_at_2026-06-24_15.12.csv,Tebi,95.04,115.0
Cosmetics,EUR,ABIB - Sedum Hyaluron Sunscreen - Watery Tube,4001669,788865,ACTIVE,4,27.0,0.0,0.0,89.2562,108.0,0,89.2562,108.0,0.0,0.0,89.2562,0.0,,,,2026-04 to 2026-05,ProductReport_2026-04-01_2026-05-31__generated_at_2026-06-24_15.12.csv,Tebi,89.26,108.0
Cosmetics,EUR,MEDICUBE - PDRN VITA COATING MASK - SINGLE,4000884,788865,DRAFT,14,7.392857,0.0,0.0,85.537189,103.5,0,85.537189,103.5,0.0,0.0,85.537189,0.0,,,,2026-04 to 2026-05,ProductReport_2026-04-01_2026-05-31__generated_at_2026-06-24_15.12.csv,Tebi,85.54,103.5
Cosmetics,EUR,MEDICUBE - Pdrn Pink Peptide Serum,4001799,788865,ACTIVE,3,31.0,0.0,0.0,76.859505,93.0,0,76.859505,93.0,0.0,0.0,76.859505,0.0,,,,2026-04 to 2026-05,ProductReport_2026-04-01_2026-05-31__generated_at_2026-06-24_15.12.csv,Tebi,76.86,93.0
Cosmetics,EUR,HINCE - Nu Blur Tint - 03 Nu Allure,4001744,788865,ACTIVE,5,18.24,0.0,0.0,75.371899,91.2,0,75.371899,91.2,0.0,0.0,75.371899,0.0,,,,2026-04 to 2026-05,ProductReport_2026-04-01_2026-05-31__generated_at_2026-06-24_15.12.csv,Tebi,75.37,91.2
Cosmetics,EUR,HINCE - Nu Blur Tint - 05 Hug,4001751,788865,ACTIVE,5,17.48,0.0,0.0,72.231404,87.4,0,72.231404,87.4,0.0,0.0,72.231404,0.0,,,,2026-04 to 2026-05,ProductReport_2026-04-01_2026-05-31__generated_at_2026-06-24_15.12.csv,Tebi,72.23,87.4
Cosmetics,EUR,MEDICUBE - PINK COLLAGEN GEL MASK PACK,4000907,788865,ACTIVE,3,26.133333,0.0,0.0,64.793389,78.4,0,64.793389,78.4,0.0,0.0,64.793389,0.0,,,,2026-04 to 2026-05,ProductReport_2026-04-01_2026-05-31__generated_at_2026-06-24_15.12.csv,Tebi,64.79,78.4
Cosmetics,EUR,HOUSE OF HUR - Moist Ampoule Blusher - 07 Rose Brown,4001775,788865,ACTIVE,4,17.0,0.0,0.0,56.198348,68.0,0,56.198348,68.0,0.0,0.0,56.198348,0.0,,,,2026-04 to 2026-05,ProductReport_2026-04-01_2026-05-31__generated_at_2026-06-24_15.12.csv,Tebi,56.2,68.0
Cosmetics,EUR,ABIB - GEL MASK HEARTLEAF JELLY - MASK PACK,4000709,788865,ARCHIVED,3,19.0,0.0,0.0,47.107437,57.0,0,47.107437,57.0,8.24,24.72,22.387437,0.475242,0.905641,,,2026-04 to 2026-05,ProductReport_2026-04-01_2026-05-31__generated_at_2026-06-24_15.12.csv,Tebi,47.11,57.0
Cosmetics,EUR,BIODANCE - Rejuvenating Caviar Pdrn Mask Pack,4001621,788865,ACTIVE,2,26.1,0.0,0.0,43.140496,52.2,0,43.140496,52.2,0.0,0.0,43.140496,0.0,,,,2026-04 to 2026-05,ProductReport_2026-04-01_2026-05-31__generated_at_2026-06-24_15.12.csv,Tebi,43.14,52.2
Cosmetics,EUR,TOCOBO BIFIDA BIOME ESSENCE 50ML,4000594,788865,ACTIVE,2,26.0,0.0,0.0,42.975206,52.0,0,42.975206,52.0,0.0,0.0,42.975206,0.0,,,,2026-04 to 2026-05,ProductReport_2026-04-01_2026-05-31__generated_at_2026-06-24_15.12.csv,Tebi,42.98,52.0
Cosmetics,EUR,Sungboon Editor Deep Collagen Power Boosting Mask,4001614,788865,ACTIVE,7,6.557143,0.0,0.0,37.933882,45.9,0,37.933882,45.9,0.0,0.0,37.933882,0.0,,,,2026-04 to 2026-05,ProductReport_2026-04-01_2026-05-31__generated_at_2026-06-24_15.12.csv,Tebi,37.93,45.9
Cosmetics,EUR,ABIB GEL MASK JERICHO ROSE JELLY - SINGLE MASK,4000730,788865,ACTIVE,9,4.878889,0.0,0.0,36.289257,43.91,0,36.289257,43.91,2.06,18.54,17.749257,0.489105,0.957349,,,2026-04 to 2026-05,ProductReport_2026-04-01_2026-05-31__generated_at_2026-06-24_15.12.csv,Tebi,36.29,43.91
Cosmetics,EUR,ESTHER FORMULA - Glutathione Direct Film,4001706,788865,ACTIVE,1,39.0,35.779817,39.0,0.0,0.0,0,35.779817,39.0,0.0,0.0,35.779817,0.0,,,,2026-04 to 2026-05,ProductReport_2026-04-01_2026-05-31__generated_at_2026-06-24_15.12.csv,Tebi,35.78,39.0
Cosmetics,EUR,ABIB GEL MASK JERICHO ROSE JELLY - MASK PACK,4000723,788865,ACTIVE,2,17.1,0.0,0.0,28.264462,34.2,0,28.264462,34.2,0.0,0.0,28.264462,0.0,,,,2026-04 to 2026-05,ProductReport_2026-04-01_2026-05-31__generated_at_2026-06-24_15.12.csv,Tebi,28.26,34.2
Cosmetics,EUR,VT - CICA COLLAGEN CREAM 30ML,4000631,788865,ACTIVE,1,31.0,0.0,0.0,25.619835,31.0,0,25.619835,31.0,0.0,0.0,25.619835,0.0,,,,2026-04 to 2026-05,ProductReport_2026-04-01_2026-05-31__generated_at_2026-06-24_15.12.csv,Tebi,25.62,31.0
Cosmetics,EUR,BIODANCE - Collagen Gel Toner Pads,4000655,788865,ACTIVE,1,28.0,0.0,0.0,23.140496,28.0,0,23.140496,28.0,0.0,0.0,23.140496,0.0,,,,2026-04 to 2026-05,ProductReport_2026-04-01_2026-05-31__generated_at_2026-06-24_15.12.csv,Tebi,23.14,28.0
Cosmetics,EUR,Numbuzin - No.2 Rose PDRN Collagen Plumping Sheet Mask,4000853,788865,ACTIVE,1,28.0,0.0,0.0,23.140496,28.0,0,23.140496,28.0,0.0,0.0,23.140496,0.0,,,,2026-04 to 2026-05,ProductReport_2026-04-01_2026-05-31__generated_at_2026-06-24_15.12.csv,Tebi,23.14,28.0
Cosmetics,EUR,ANUA - Pdrn Hyaluronic Acid Capsule Serum,4001782,788865,ACTIVE,1,27.0,0.0,0.0,22.31405,27.0,0,22.31405,27.0,0.0,0.0,22.31405,0.0,,,,2026-04 to 2026-05,ProductReport_2026-04-01_2026-05-31__generated_at_2026-06-24_15.12.csv,Tebi,22.31,27.0
Cosmetics,EUR,ABIB - GEL MASK HEARTLEAF JELLY - SINGLE MASK,4000716,788865,ARCHIVED,5,4.99,0.0,0.0,20.619835,24.95,0,20.619835,24.95,2.06,10.3,10.319835,0.500481,1.001926,,,2026-04 to 2026-05,ProductReport_2026-04-01_2026-05-31__generated_at_2026-06-24_15.12.csv,Tebi,20.62,24.95
Cosmetics,EUR,TOCOBO - VITA AIRY SUN PRIMER SPF50+,4000983,788865,DRAFT,1,23.0,0.0,0.0,19.008264,23.0,0,19.008264,23.0,0.0,0.0,19.008264,0.0,,,,2026-04 to 2026-05,ProductReport_2026-04-01_2026-05-31__generated_at_2026-06-24_15.12.csv,Tebi,19.01,23.0
Cosmetics,EUR,MEDICUBE - PINK COLLAGEN GEL MASK - SINGLE MASK,4000891,788865,ACTIVE,3,7.5,0.0,0.0,18.595041,22.5,0,18.595041,22.5,0.0,0.0,18.595041,0.0,,,,2026-04 to 2026-05,ProductReport_2026-04-01_2026-05-31__generated_at_2026-06-24_15.12.csv,Tebi,18.6,22.5
Cosmetics,EUR,HOUSE OF HUR - Moist Ampoule Blusher - 07 Pink Rosie,4001768,788865,ACTIVE,1,17.0,0.0,0.0,14.049587,17.0,0,14.049587,17.0,0.0,0.0,14.049587,0.0,,,,2026-04 to 2026-05,ProductReport_2026-04-01_2026-05-31__generated_at_2026-06-24_15.12.csv,Tebi,14.05,17.0
Cosmetics,EUR,POMELO+CO - Molecular Repair Shampoo,4000839,788865,ACTIVE,1,16.5,0.0,0.0,13.636364,16.5,0,13.636364,16.5,0.0,0.0,13.636364,0.0,,,,2026-04 to 2026-05,ProductReport_2026-04-01_2026-05-31__generated_at_2026-06-24_15.12.csv,Tebi,13.64,16.5
Cosmetics,EUR,Melixir - Vegan Lip Butter #02 Nudy Rose,4000969,788865,ACTIVE,1,13.6,0.0,0.0,11.239669,13.6,0,11.239669,13.6,0.0,0.0,11.239669,0.0,,,,2026-04 to 2026-05,ProductReport_2026-04-01_2026-05-31__generated_at_2026-06-24_15.12.csv,Tebi,11.24,13.6
Food & Drinks,EUR,De La Rosee Rosemary Honey and Black Sesame,4000341,788865,ACTIVE,19,10.884211,189.724768,206.8,0.0,0.0,0,189.724768,206.8,0.0,0.0,189.724768,0.0,,,,2026-04 to 2026-05,ProductReport_2026-04-01_2026-05-31__generated_at_2026-06-24_15.12.csv,Tebi,189.72,206.8
Food & Drinks,EUR,KAIKAO White Chocolate Chili,4001447,788865,ACTIVE,5,11.52,52.844035,57.6,0.0,0.0,0,52.844035,57.6,0.0,0.0,52.844035,0.0,,,,2026-04 to 2026-05,ProductReport_2026-04-01_2026-05-31__generated_at_2026-06-24_15.12.csv,Tebi,52.84,57.6
Food & Drinks,EUR,Cosmic Dealer Lavender Single Nut Butter Chocolate,4001331,788865,ACTIVE,13,4.135385,49.321101,53.76,0.0,0.0,0,49.321101,53.76,0.0,0.0,49.321101,0.0,,,,2026-04 to 2026-05,ProductReport_2026-04-01_2026-05-31__generated_at_2026-06-24_15.12.csv,Tebi,49.32,53.76
Food & Drinks,EUR,Lavoratti 1938 - Hazelnut Milk Chocolate Bar,4001126,788865,ARCHIVED,6,8.233333,45.3211,49.4,0.0,0.0,0,45.3211,49.4,0.0,0.0,45.3211,0.0,,,,2026-04 to 2026-05,ProductReport_2026-04-01_2026-05-31__generated_at_2026-06-24_15.12.csv,Tebi,45.32,49.4
Food & Drinks,EUR,KAIKAO Chewy Banana,4001461,788865,ACTIVE,4,11.7,42.93578,46.8,0.0,0.0,0,42.93578,46.8,0.0,0.0,42.93578,0.0,,,,2026-04 to 2026-05,ProductReport_2026-04-01_2026-05-31__generated_at_2026-06-24_15.12.csv,Tebi,42.94,46.8
Food & Drinks,EUR,KAIKAO Mindfulnes,4001430,788865,ACTIVE,10,4.5,41.2844,45.0,0.0,0.0,0,41.2844,45.0,0.0,0.0,41.2844,0.0,,,,2026-04 to 2026-05,ProductReport_2026-04-01_2026-05-31__generated_at_2026-06-24_15.12.csv,Tebi,41.28,45.0
Food & Drinks,EUR,KAIKAO focus,4001423,788865,ACTIVE,9,4.4,36.330272,39.6,0.0,0.0,0,36.330272,39.6,0.0,0.0,36.330272,0.0,,,,2026-04 to 2026-05,ProductReport_2026-04-01_2026-05-31__generated_at_2026-06-24_15.12.csv,Tebi,36.33,39.6
Food & Drinks,EUR,Cosmic Dealer Raspberry Single Nut Butter Chocolate,4000389,788865,DRAFT,8,3.9,28.623856,31.2,0.0,0.0,0,28.623856,31.2,0.0,0.0,28.623856,0.0,,,,2026-04 to 2026-05,ProductReport_2026-04-01_2026-05-31__generated_at_2026-06-24_15.12.csv,Tebi,28.62,31.2
Food & Drinks,EUR,KAIKAO Chocolate Pistachio,4001454,788865,ACTIVE,2,13.0,23.853212,26.0,0.0,0.0,0,23.853212,26.0,0.0,0.0,23.853212,0.0,,,,2026-04 to 2026-05,ProductReport_2026-04-01_2026-05-31__generated_at_2026-06-24_15.12.csv,Tebi,23.85,26.0
Food & Drinks,EUR,Linden Honey and Yuzu X Lemon Story,4000334,788865,ARCHIVED,1,9.9,9.082569,9.9,0.0,0.0,0,9.082569,9.9,0.0,0.0,9.082569,0.0,,,,2026-04 to 2026-05,ProductReport_2026-04-01_2026-05-31__generated_at_2026-06-24_15.12.csv,Tebi,9.08,9.9
Matcha,EUR,Iced Matcha latte,4000082,788865,ACTIVE,26,6.542308,156.055052,170.1,0.0,0.0,0,156.055052,170.1,0.0,0.0,156.055052,0.0,,,,2026-04 to 2026-05,ProductReport_2026-04-01_2026-05-31__generated_at_2026-06-24_15.12.csv,Tebi,156.06,170.1
Matcha,EUR,Iced Blue Coconut Matcha,4000297,788865,ACTIVE,13,7.5,89.449542,97.5,0.0,0.0,0,89.449542,97.5,0.0,0.0,89.449542,0.0,,,,2026-04 to 2026-05,ProductReport_2026-04-01_2026-05-31__generated_at_2026-06-24_15.12.csv,Tebi,89.45,97.5
Matcha,EUR,Iced Mango&Passion Fruit Matcha Latte,4000259,788865,ACTIVE,14,6.9,88.62385,96.6,0.0,0.0,0,88.62385,96.6,0.0,0.0,88.62385,0.0,,,,2026-04 to 2026-05,ProductReport_2026-04-01_2026-05-31__generated_at_2026-06-24_15.12.csv,Tebi,88.62,96.6
Matcha,EUR,Iced Strawberry Matcha Latte,4000136,788865,ACTIVE,10,6.9,63.30275,69.0,0.0,0.0,0,63.30275,69.0,0.0,0.0,63.30275,0.0,,,,2026-04 to 2026-05,ProductReport_2026-04-01_2026-05-31__generated_at_2026-06-24_15.12.csv,Tebi,63.3,69.0
Matcha,EUR,Matcha Latte - small,4000068,788865,ACTIVE,8,5.175,37.981652,41.4,0.0,0.0,0,37.981652,41.4,0.0,0.0,37.981652,0.0,,,,2026-04 to 2026-05,ProductReport_2026-04-01_2026-05-31__generated_at_2026-06-24_15.12.csv,Tebi,37.98,41.4
Matcha,EUR,Iced Black Sesame Matcha Latte,4000228,788865,ACTIVE,5,7.53,34.541285,37.65,0.0,0.0,0,34.541285,37.65,0.0,0.0,34.541285,0.0,,,,2026-04 to 2026-05,ProductReport_2026-04-01_2026-05-31__generated_at_2026-06-24_15.12.csv,Tebi,34.54,37.65
Matcha,EUR,Iced Maple Toast Matcha,4001577,788865,ACTIVE,3,7.5,20.642202,22.5,0.0,0.0,0,20.642202,22.5,0.0,0.0,20.642202,0.0,,,,2026-04 to 2026-05,ProductReport_2026-04-01_2026-05-31__generated_at_2026-06-24_15.12.csv,Tebi,20.64,22.5
Matcha,EUR,Iced Sakura Matcha Latte,4001584,788865,ACTIVE,3,7.5,20.642202,22.5,0.0,0.0,0,20.642202,22.5,0.0,0.0,20.642202,0.0,,,,2026-04 to 2026-05,ProductReport_2026-04-01_2026-05-31__generated_at_2026-06-24_15.12.csv,Tebi,20.64,22.5
Matcha,EUR,Iced Peach & Jasminee Tea Matcha,4001560,788865,ACTIVE,3,6.6,18.165138,19.8,0.0,0.0,0,18.165138,19.8,0.0,0.0,18.165138,0.0,,,,2026-04 to 2026-05,ProductReport_2026-04-01_2026-05-31__generated_at_2026-06-24_15.12.csv,Tebi,18.17,19.8
Matcha,EUR,Honey Lavender Matcha - Hot,4000198,788865,ACTIVE,3,6.5,17.889909,19.5,0.0,0.0,0,17.889909,19.5,0.0,0.0,17.889909,0.0,,,,2026-04 to 2026-05,ProductReport_2026-04-01_2026-05-31__generated_at_2026-06-24_15.12.csv,Tebi,17.89,19.5
Matcha,EUR,Matcha Latte - large,4000075,788865,ACTIVE,3,5.69,15.660551,17.07,0.0,0.0,0,15.660551,17.07,0.0,0.0,15.660551,0.0,,,,2026-04 to 2026-05,ProductReport_2026-04-01_2026-05-31__generated_at_2026-06-24_15.12.csv,Tebi,15.66,17.07
Matcha Powder,EUR,"LERA Matcha, Uji",4000211,788865,ACTIVE,72,41.766667,2758.899076,3007.2,0.0,0.0,0,2758.899076,3007.2,0.0,0.0,2758.899076,0.0,,,,2026-04 to 2026-05,ProductReport_2026-04-01_2026-05-31__generated_at_2026-06-24_15.12.csv,Tebi,2758.9,3007.2
Matcha Powder,EUR,"LERA Matcha, Kyushu Island",4000129,788865,ACTIVE,59,41.715254,2257.981646,2461.2,0.0,0.0,0,2257.981646,2461.2,0.0,0.0,2257.981646,0.0,,,,2026-04 to 2026-05,ProductReport_2026-04-01_2026-05-31__generated_at_2026-06-24_15.12.csv,Tebi,2257.98,2461.2
Matcha Tools,EUR,Lera Matcha Bowl,4000532,788865,ACTIVE,20,27.72,508.623846,554.4,0.0,0.0,0,508.623846,554.4,0.0,0.0,508.623846,0.0,,,,2026-04 to 2026-05,ProductReport_2026-04-01_2026-05-31__generated_at_2026-06-24_15.12.csv,Tebi,508.62,554.4
Matcha Tools,EUR,Lera Matcha Whisk,4000556,788865,ACTIVE,24,18.083333,398.165139,434.0,0.0,0.0,0,398.165139,434.0,0.0,0.0,398.165139,0.0,,,,2026-04 to 2026-05,ProductReport_2026-04-01_2026-05-31__generated_at_2026-06-24_15.12.csv,Tebi,398.17,434.0
Matcha Tools,EUR,Lera Matcha Spoon,4000549,788865,ACTIVE,44,9.0,363.302764,396.0,0.0,0.0,0,363.302764,396.0,0.0,0.0,363.302764,0.0,,,,2026-04 to 2026-05,ProductReport_2026-04-01_2026-05-31__generated_at_2026-06-24_15.12.csv,Tebi,363.3,396.0
Matcha Tools,EUR,Glass Matcha Bowl,4000457,788865,ACTIVE,12,25.0,275.22936,300.0,0.0,0.0,0,275.22936,300.0,0.0,0.0,275.22936,0.0,,,,2026-04 to 2026-05,ProductReport_2026-04-01_2026-05-31__generated_at_2026-06-24_15.12.csv,Tebi,275.23,300.0
Matcha Tools,EUR,LERA Matcha Sifter,4000471,788865,ACTIVE,23,11.895652,251.009167,273.6,0.0,0.0,0,251.009167,273.6,0.0,0.0,251.009167,0.0,,,,2026-04 to 2026-05,ProductReport_2026-04-01_2026-05-31__generated_at_2026-06-24_15.12.csv,Tebi,251.01,273.6
Matcha Tools,EUR,Matcha Whisk,4000488,788865,ACTIVE,12,15.0,165.137616,180.0,0.0,0.0,0,165.137616,180.0,0.0,0.0,165.137616,0.0,,,,2026-04 to 2026-05,ProductReport_2026-04-01_2026-05-31__generated_at_2026-06-24_15.12.csv,Tebi,165.14,180.0
Matcha Tools,EUR,Whisk Holder,4000501,788865,ACTIVE,14,12.0,154.128436,168.0,0.0,0.0,0,154.128436,168.0,0.0,0.0,154.128436,0.0,,,,2026-04 to 2026-05,ProductReport_2026-04-01_2026-05-31__generated_at_2026-06-24_15.12.csv,Tebi,154.13,168.0
Matcha Tools,EUR,Lera Whisk Holder (Yellow),4000563,788865,ACTIVE,4,14.5,53.211008,58.0,0.0,0.0,0,53.211008,58.0,0.0,0.0,53.211008,0.0,,,,2026-04 to 2026-05,ProductReport_2026-04-01_2026-05-31__generated_at_2026-06-24_15.12.csv,Tebi,53.21,58.0
Matcha Tools,EUR,Bamboo Scoop,4000440,788865,ACTIVE,4,4.0,14.6789,16.0,0.0,0.0,0,14.6789,16.0,0.0,0.0,14.6789,0.0,,,,2026-04 to 2026-05,ProductReport_2026-04-01_2026-05-31__generated_at_2026-06-24_15.12.csv,Tebi,14.68,16.0
Pastry,EUR,Matcha White Chocolate Cookie,4000181,788865,ACTIVE,17,4.006471,62.486244,68.11,0.0,0.0,0,62.486244,68.11,0.0,0.0,62.486244,0.0,,,,2026-04 to 2026-05,ProductReport_2026-04-01_2026-05-31__generated_at_2026-06-24_15.12.csv,Tebi,62.49,68.11
Pastry,EUR,Matcha Honey Cake,4000174,788865,ACTIVE,10,5.016,46.018348,50.16,0.0,0.0,0,46.018348,50.16,0.0,0.0,46.018348,0.0,,,,2026-04 to 2026-05,ProductReport_2026-04-01_2026-05-31__generated_at_2026-06-24_15.12.csv,Tebi,46.02,50.16
Pastry,EUR,Caramelized White Chocolate & Hazelnut Cookie,4000204,788865,ACTIVE,6,3.876667,21.33945,23.26,0.0,0.0,0,21.33945,23.26,0.0,0.0,21.33945,0.0,,,,2026-04 to 2026-05,ProductReport_2026-04-01_2026-05-31__generated_at_2026-06-24_15.12.csv,Tebi,21.34,23.26
Pastry,EUR,Matcha Loaf,4001607,788865,ACTIVE,3,5.05,13.899083,15.15,0.0,0.0,0,13.899083,15.15,0.0,0.0,13.899083,0.0,,,,2026-04 to 2026-05,ProductReport_2026-04-01_2026-05-31__generated_at_2026-06-24_15.12.csv,Tebi,13.9,15.15
Pastry,EUR,Cheesecake With Matcha Sauce,4000150,788865,DRAFT,1,5.1,4.678899,5.1,0.0,0.0,0,4.678899,5.1,0.0,0.0,4.678899,0.0,,,,2026-04 to 2026-05,ProductReport_2026-04-01_2026-05-31__generated_at_2026-06-24_15.12.csv,Tebi,4.68,5.1
Pastry,EUR,Matcha Lemon Madeleine,4000242,788865,DRAFT,1,4.1,3.761468,4.1,0.0,0.0,0,3.761468,4.1,0.0,0.0,3.761468,0.0,,,,2026-04 to 2026-05,ProductReport_2026-04-01_2026-05-31__generated_at_2026-06-24_15.12.csv,Tebi,3.76,4.1
Pastry,EUR,Matcha Date,4001591,788865,ACTIVE,1,3.15,2.889908,3.15,0.0,0.0,0,2.889908,3.15,0.0,0.0,2.889908,0.0,,,,2026-04 to 2026-05,ProductReport_2026-04-01_2026-05-31__generated_at_2026-06-24_15.12.csv,Tebi,2.89,3.15
Other,EUR,Sonder Coffee,4001539,788865,ARCHIVED,20,10.0,183.48624,200.0,0.0,0.0,0,183.48624,200.0,0.0,0.0,183.48624,0.0,,,,2026-04 to 2026-05,ProductReport_2026-04-01_2026-05-31__generated_at_2026-06-24_15.12.csv,Tebi,183.49,200.0
Other,EUR,Cap Matcha,4001379,788865,ACTIVE,3,45.0,0.0,0.0,111.570249,135.0,0,111.570249,135.0,0.0,0.0,111.570249,0.0,,,,2026-04 to 2026-05,ProductReport_2026-04-01_2026-05-31__generated_at_2026-06-24_15.12.csv,Tebi,111.57,135.0
Other,EUR,De La Rosee Rosemary Matcha Honey,4001386,788865,ACTIVE,11,11.0,111.009173,121.0,0.0,0.0,0,111.009173,121.0,0.0,0.0,111.009173,0.0,,,,2026-04 to 2026-05,ProductReport_2026-04-01_2026-05-31__generated_at_2026-06-24_15.12.csv,Tebi,111.01,121.0
Other,EUR,Lavoratti 1938 - Milk and Pistachio Chocolate Bar,4001133,788865,ARCHIVED,3,10.266667,28.25688,30.8,0.0,0.0,0,28.25688,30.8,0.0,0.0,28.25688,0.0,,,,2026-04 to 2026-05,ProductReport_2026-04-01_2026-05-31__generated_at_2026-06-24_15.12.csv,Tebi,28.26,30.8
Other,EUR,TOCOBO - Mini Cica Cooling Sun Stick,4001676,788865,ACTIVE,2,15.0,0.0,0.0,24.793388,30.0,0,24.793388,30.0,0.0,0.0,24.793388,0.0,,0.05805,0.00231,2026-04 to 2026-05,ProductReport_2026-04-01_2026-05-31__generated_at_2026-06-24_15.12.csv,Tebi,24.79,30.0
